{"entities":{"pages":{"starter":{"id":"starter","title":"UiPath Documentation","url":"starter.html","level":0,"tabIndex":0},"UiPath-Orchestrator":{"id":"UiPath-Orchestrator","title":"UiPath Orchestrator","url":"uipath-orchestrator.html","level":0,"tabIndex":1},"UiPath-ReFramework":{"id":"UiPath-ReFramework","title":"UiPath ReFramework","url":"uipath-reframework.html","level":0,"tabIndex":2},"UiPath-State-Machines":{"id":"UiPath-State-Machines","title":"UiPath State Machines","url":"uipath-state-machines.html","level":0,"tabIndex":3}}},"topLevelIds":["starter","UiPath-Orchestrator","UiPath-ReFramework","UiPath-State-Machines"]}